{
	"providerName": "Roku Developers",
	"language": "en-US",
	"lastUpdated": "2020-03-15T02:01:00+02:00",
	"shortFormVideos": [
		{
			"longDescription": "This educational video provides a foundational understanding of how streaming technology functions on the Roku platform, detailing content delivery from CDNs to Roku devices via content feeds.",
			"thumbnail": "https://image.roku.com/ZHZscHItMTc2/streaming-overview.jpg",
			"releaseDate": "2020-01-15",
			"genres": [
				"educational"
			],
			"tags": [
				"getting-started"
			],
			"id": "shortform-roku-streaming-overview",
			"shortDescription": "Learn how streaming works on the Roku platform.",
			"title": "Streaming overview",
			"content": {
				"duration": 100,
				"videos": [{
					"videoType": "MP4",
					"url": "https://image.roku.com/ZHZscHItMTc2/roku-streaming-overview-v3.mp4",
					"quality": "HD"
				}],
				"language": "en-us",
				"dateAdded": "2020-01-15T02:39:11Z"
			}
		},
		{
			"longDescription": "Explore the educational opportunities for developers on the Roku platform. This video highlights that developing for Roku is free and easy, covering the cost-free enrollment, channel development, and publishing process to the Roku Channel Store. It also introduces SceneGraph (Roku's UI XML framework) and BrightScript (Roku's scripting language).",
			"thumbnail": "https://image.roku.com/ZHZscHItMTc2/roku-overview.jpg",
			"releaseDate": "2020-01-15",
			"genres": [
				"educational"
			],
			"tags": [
				"getting-started"
			],
			"id": "shortform-roku-development-overview",
			"shortDescription": "Discover the educational opportunities for developing on the Roku platform.",
			"title": "Roku Development Overview",
			"content": {
				"duration": 248,
				"videos": [{
					"videoType": "MP4",
					"url": "https://image.roku.com/ZHZscHItMTc2/roku-overview.mp4",
					"quality": "HD"
				}],
				"language": "en-us",
				"dateAdded": "2020-01-29T02:39:11Z"
			}
		},
		{
			"longDescription": "This educational video provides a step-by-step guide on how to enable Developer Mode on a Roku device, an essential process for those looking to begin Roku development.",
			"thumbnail": "https://image.roku.com/ZHZscHItMTc2/enable-developer-mode-v1b.png",
			"releaseDate": "2020-01-17",
			"genres": [
				"educational"
			],
			"tags": [
				"getting-started"
			],
			"id": "shortform-a893e770b636f6459dcf027fe361cd49d7ac44c2",
			"shortDescription": "Learn to enable Developer Mode on a Roku device.",
			"title": "Enabling Developer Mode",
			"content": {
				"duration": 120,
				"videos": [{
					"videoType": "DASH",
					"url": "https://ovp-selector.sr.roku.com/v1/12cdcf33-58e7-46a6-bbbf-cbb5c5fec500?format=dash",
					"quality": "HD"
				}],
				"language": "en-us",
				"dateAdded": "2020-01-29T02:39:11Z"
			}
		},
		{
			"longDescription": "This educational video demonstrates the 'Direct to Play' and 'Enhanced Voice Control' features, showcasing how users can efficiently interact with Roku devices using voice commands.",
			"thumbnail": "https://d6hm6c1vbpfva.cloudfront.net/shortform-4be9d883d51ca3161c780d261c3e1ef480e7e56d_2/images/VoiceFeatures.jpg",
			"releaseDate": "2020-01-17",
			"genres": [
				"educational"
			],
			"tags": [
				"feature"
			],
			"id": "shortform-4be9d883d51ca3161c780d261c3e1ef480e7e56d",
			"shortDescription": "Explore Roku's voice control features.",
			"title": "Voice Features",
			"content": {
				"duration": 98,
				"videos": [{
					"videoType": "MP4",
					"url": "https://image.roku.com/ZHZscHItMTc2/roku-voice-demo-v4.mp4",
					"quality": "HD"
				}],
				"language": "en-us",
				"dateAdded": "2020-01-29T02:39:12Z",
				"captions": [{
					"language": "en",
					"captionType": "CLOSED_CAPTION",
					"url": "https://d6hm6c1vbpfva.cloudfront.net/shortform-4be9d883d51ca3161c780d261c3e1ef480e7e56d_2/captions/VoiceFeatures_cc_eng.srt"
				},
				{
					"language": "en",
					"captionType": "CLOSED_CAPTION",
					"url": "https://d6hm6c1vbpfva.cloudfront.net/shortform-4be9d883d51ca3161c780d261c3e1ef480e7e56d_2/captions/VoiceFeatures_cc_eng.vtt"
				}
				]
			}
		}
	],
	"series": [
		{
			"id": "series_1_tips",
			"title": "Roku Tips & Tricks",
			"releaseDate": "2020-03-15T02:01:00+02:00",
			"shortDescription": "This educational series offers valuable tips and tricks for optimizing your Roku experience and maximizing its features.",
			"thumbnail": "https://image.roku.com/ZHZscHItMTc2/tips-tricks.jpg",
			"genres": [
				"educational"
			],
			"tags": [
				"tips"
			],
			"seasons": [
				{
					"title": "Season 1",
					"episodes": [
						{
							"id": "shortform-2f0155ecdcc96789596c0fc77f06b45ca0df15a4",
							"title": "How to listen to music",
							"episodeNumber": 1,
							"content": {
								"dateAdded": "2020-03-06T20:25:52Z",
								"videos": [{
									"videoType": "HLS",
									"url": "https://d1n7kckvd41xqg.cloudfront.net/61f6f859d30743378290300e99f2f53a/ac885a2fea4d4cbeafb279b33e8ba342/21b582aed3134cd4ad03dc646e04282d/index.m3u8",
									"quality": "HD"
								}],
								"duration": 187,
								"captions": [{
									"language": "en",
									"captionType": "CLOSED_CAPTION",
									"url": "https://d6hm6c1vbpfva.cloudfront.net/shortform-2f0155ecdcc96789596c0fc77f06b45ca0df15a4_3/captions/HowToListenToMusic_cc_eng.srt"
								},
								{
									"language": "en",
									"captionType": "CLOSED_CAPTION",
									"url": "https://d6hm6c1vbpfva.cloudfront.net/shortform-2f0155ecdcc96789596c0fc77f06b45ca0df15a4_3/captions/HowToListenToMusic_cc_eng.vtt"
								}
								],
								"language": "en-us"
							},
							"thumbnail": "https://d6hm6c1vbpfva.cloudfront.net/shortform-2f0155ecdcc96789596c0fc77f06b45ca0df15a4_3/images/HowToListenToMusic.jpg",
							"shortDescription": "Learn how to stream music on your Roku device.",
							"releaseDate": "2020-01-02",
							"longDescription": "This educational video teaches you how to effectively stream music on your Roku device, enhancing your audio experience.",
							"tags": [
								"tips"
							],
							"genres": [
								"educational"
							]
						},
						{
							"id": "shortform-dc61d89665cf8a5c363925e7fcb4e382fa90f1f9",
							"title": "Best speaker placement",
							"episodeNumber": 2,
							"content": {
								"dateAdded": "2020-02-04T19:08:55Z",
								"videos": [{
									"videoType": "HLS",
									"url": "https://d1n7kckvd41xqg.cloudfront.net/62405a3b6d304bd180626636854f7acd/ac885a2fea4d4cbeafb279b33e8ba342/21b582aed3134cd4ad03dc646e04282d/index.m3u8",
									"quality": "HD"
								}],
								"duration": 134,
								"captions": [{
									"language": "en",
									"captionType": "CLOSED_CAPTION",
									"url": "https://d6hm6c1vbpfva.cloudfront.net/shortform-dc61d89665cf8a5c363925e7fcb4e382fa90f1f9_3/captions/Best_Speaker_Placement_cc_eng.srt"
								},
								{
									"language": "en",
									"captionType": "CLOSED_CAPTION",
									"url": "https://d6hm6c1vbpfva.cloudfront.net/shortform-dc61d89665cf8a5c363925e7fcb4e382fa90f1f9_3/captions/Best_Speaker_Placement_cc_eng.vtt"
								}
								],
								"language": "en-us"
							},
							"thumbnail": "https://d6hm6c1vbpfva.cloudfront.net/shortform-dc61d89665cf8a5c363925e7fcb4e382fa90f1f9_3/images/Best_Speaker_Placement.jpg",
							"shortDescription": "Discover optimal placement for your Roku audio devices.",
							"releaseDate": "2020-01-02",
							"longDescription": "This educational video helps you find the best placement for your Roku audio devices to enhance sound quality and optimize your listening experience.",
							"tags": [
								"tips"
							],
							"genres": [
								"educational"
							]
						}
					]
				},
				{
					"title": "Season 2",
					"episodes": [
						{
							"id": "shortform-cb6dc73fb84bf7f0d35b99b83217f2dbc9bc08d5",
							"title": "Guest Mode",
							"episodeNumber": 1,
							"content": {
								"dateAdded": "2020-01-29T02:32:18Z",
								"videos": [{
									"videoType": "HLS",
									"url": "https://d1n7kckvd41xqg.cloudfront.net/aed3cf8c357f4ef8b8e267a30ac8f25a/ac885a2fea4d4cbeafb279b33e8ba342/21b582aed3134cd4ad03dc646e04282d/index.m3u8",
									"quality": "HD"
								}],
								"duration": 15,
								"captions": [{
									"language": "en",
									"captionType": "CLOSED_CAPTION",
									"url": "https://d6hm6c1vbpfva.cloudfront.net/shortform-cb6dc73fb84bf7f0d35b99b83217f2dbc9bc08d5_1/captions/GUEST_MODE_cc_eng.srt"
								},
								{
									"language": "en",
									"captionType": "CLOSED_CAPTION",
									"url": "https://d6hm6c1vbpfva.cloudfront.net/shortform-cb6dc73fb84bf7f0d35b99b83217f2dbc9bc08d5_1/captions/GUEST_MODE_cc_eng.vtt"
								}
								],
								"language": "en-us"
							},
							"thumbnail": "https://d6hm6c1vbpfva.cloudfront.net/shortform-cb6dc73fb84bf7f0d35b99b83217f2dbc9bc08d5_1/images/GUEST_MODE.jpg",
							"shortDescription": "Learn to let guests stream with their own accounts.",
							"releaseDate": "2019-12-03",
							"longDescription": "This educational video teaches you how to enable and utilize Guest Mode, allowing visitors to stream content using their own accounts without affecting your personal settings.",
							"tags": [
								"tips"
							],
							"genres": [
								"educational"
							]
						},
						{
							"id": "shortform-6f2088297f82e02e74e07341fd404750b56e2fbb",
							"title": "Private Listening",
							"episodeNumber": 2,
							"content": {
								"dateAdded": "2020-03-06T20:43:17Z",
								"videos": [{
									"videoType": "HLS",
									"url": "https://d1n7kckvd41xqg.cloudfront.net/f137dd3848ba4bf3b70bb00b90b0eaf7/ac885a2fea4d4cbeafb279b33e8ba342/21b582aed3134cd4ad03dc646e04282d/index.m3u8",
									"quality": "HD"
								}],
								"duration": 30,
								"captions": [{
									"language": "en",
									"captionType": "CLOSED_CAPTION",
									"url": "https://d6hm6c1vbpfva.cloudfront.net/shortform-6f2088297f82e02e74e07341fd404750b56e2fbb_2/captions/ROKU_PRIVATE_LISTENING_012219_cc_eng.srt"
								},
								{
									"language": "en",
									"captionType": "CLOSED_CAPTION",
									"url": "https://d6hm6c1vbpfva.cloudfront.net/shortform-6f2088297f82e02e74e07341fd404750b56e2fbb_2/captions/ROKU_PRIVATE_LISTENING_012219_cc_eng.vtt"
								}
								],
								"language": "en-us"
							},
							"thumbnail": "https://d6hm6c1vbpfva.cloudfront.net/shortform-6f2088297f82e02e74e07341fd404750b56e2fbb_2/images/ROKU_PRIVATE_LISTENING_012219.jpg",
							"shortDescription": "Understand the benefits of Private Listening.",
							"releaseDate": "2019-10-15",
							"longDescription": "This educational video helps you understand the benefits and functionality of Roku's Private Listening feature for an individualized audio experience.",
							"tags": [
								"tips"
							],
							"genres": [
								"educational"
							]
						}
					]
				}
			]
		},
		{
			"id": "series_2_RSG",
			"title": "SceneGraph Developers: Build a Channel",
			"releaseDate": "2020-03-15T02:01:00+02:00",
			"shortDescription": "This comprehensive course teaches novice Roku developers how to develop a channel from the ground up with the Roku SDK, covering each step to build a basic, high-performance channel that passes certification. It's ideal for new developers.",
			"thumbnail": "https://image.roku.com/ZHZscHItMTc2/rsg-build-channel-series.jpg",
			"genres": [
				"educational"
			],
			"tags": [
				"RSG"
			],
			"seasons": [
				{
					"title": "Season 1",
					"episodes": [
						{
							"id": "rsg_unit1_intro",
							"title": "Introduction to the course",
							"episodeNumber": 1,
							"content": {
								"dateAdded": "2020-05-07T02:32:24Z",
								"videos": [{
									"videoType": "MP4",
									"url": "https://image.roku.com/ZHZscHItMTc2/rsg-unit1-intro-v3.mp4",
									"quality": "HD"
								}],
								"duration": 178,
								"language": "en-us"
							},
							"thumbnail": "https://image.roku.com/ZHZscHItMTc2/video1-intro-course-v2.png",
							"shortDescription": "Watch the introduction to the 'SceneGraph: Build a Channel' development course.",
							"releaseDate": "2020-05-07",
							"longDescription": "This educational video serves as an introduction to the 'SceneGraph: Build a Channel' development course, outlining the course syllabus and what to expect.",
							"tags": [
								"RSG"
							],
							"genres": [
								"educational"
							]
						},
						{
							"id": "rsg-unit2-developerSetup",
							"title": "Development setup",
							"episodeNumber": 2,
							"content": {
								"dateAdded": "2020-05-07T02:32:24Z",
								"videos": [{
									"videoType": "MP4",
									"url": "https://image.roku.com/ZHZscHItMTc2/rsg-unit2-developerSetup-v4.mp4",
									"quality": "HD"
								}],
								"duration": 431,
								"language": "en-us"
							},
							"thumbnail": "https://image.roku.com/ZHZscHItMTc2/rsg-unit2-developerSetup-v4.png",
							"shortDescription": "Learn the initial steps for Roku platform development.",
							"releaseDate": "2020-05-07",
							"longDescription": "This educational lesson explains the first steps to start developing for the Roku platform, including creating required user and developer accounts, enabling your test Roku device for development, and sideloading Roku's 'Hello World' channel to view its output in the debug console.",
							"tags": [
								"RSG"
							],
							"genres": [
								"educational"
							]
						},
						{
							"id": "video3-scenegraph-overview",
							"title": "Core concepts",
							"episodeNumber": 3,
							"content": {
								"dateAdded": "2020-05-07T02:32:24Z",
								"videos": [{
									"videoType": "MP4",
									"url": "https://image.roku.com/ZHZscHItMTc2/rsg-unit3-sgoverview-v3.mp4",
									"quality": "HD"
								}],
								"duration": 765,
								"language": "en-us"
							},
							"thumbnail": "https://image.roku.com/ZHZscHItMTc2/rsg-unit3-core-concepts.png",
							"shortDescription": "Review key concepts for developing on the Roku platform.",
							"releaseDate": "2020-05-07",
							"longDescription": "This educational lesson reviews key concepts for developing on the Roku platform, explaining basic design principles, providing an overview of Roku's development platform, and reviewing the contents and structure of Roku channels. You'll learn about SceneGraph and BrightScript, different types of components, and more, preparing you to work on your first Roku channel.",
							"tags": [
								"RSG"
							],
							"genres": [
								"educational"
							]
						},
						{
							"id": "rsg-unit4-contentFeed",
							"title": "Creating the content feed",
							"episodeNumber": 4,
							"content": {
								"dateAdded": "2020-05-07T02:32:24Z",
								"videos": [{
									"videoType": "MP4",
									"url": "https://image.roku.com/ZHZscHItMTc2/rsg-unit4-contentFeed-v3.mp4",
									"quality": "HD"
								}],
								"duration": 280,
								"language": "en-us"
							},
							"thumbnail": "https://image.roku.com/ZHZscHItMTc2/rsg-unit4-content-feed.png",
							"shortDescription": "Understand how the content feed loads and organizes content.",
							"releaseDate": "2020-07-18",
							"longDescription": "This educational lesson explains how the content feed is used to load and organize content in the channel. It details how the ContentNode maps metadata in your content feed to components in your channel UI and provides tips for creating your own feed.",
							"tags": [
								"RSG"
							],
							"genres": [
								"educational"
							]
						},
						{
							"id": "video5-grid-screen",
							"title": "Creating a Grid Screen",
							"episodeNumber": 5,
							"content": {
								"dateAdded": "2020-05-07T02:32:24Z",
								"videos": [{
									"videoType": "MP4",
									"url": "https://image.roku.com/ZHZscHItMTc2/rsg-unit5-gridscreen-v4.mp4",
									"quality": "HD"
								}],
								"duration": 1899,
								"language": "en-us"
							},
							"thumbnail": "https://image.roku.com/ZHZscHItMTc2/rsg-unit5-gridScreen.png",
							"shortDescription": "Learn to build a grid screen that displays rows of content.",
							"releaseDate": "2020-05-07",
							"longDescription": "This educational lesson describes how to create a basic channel that retrieves videos from a content feed and displays them in a grid. It explains how to create SceneGraph components, set their attributes, create their interfaces, and use BrightScript to parse and add metadata to content nodes.",
							"tags": [
								"RSG"
							],
							"genres": [
								"educational"
							]
						},
						{
							"id": "video6-video-player",
							"title": "Adding the Video Player",
							"episodeNumber": 6,
							"content": {
								"dateAdded": "2020-05-07T02:32:24Z",
								"videos": [{
									"videoType": "MP4",
									"url": "https://image.roku.com/ZHZscHItMTc2/rsg-unit6-videoplayer-v3.mp4",
									"quality": "HD"
								}],
								"duration": 819,
								"language": "en-us"
							},
							"thumbnail": "https://image.roku.com/ZHZscHItMTc2/rsg-unit6-videoPlayer-v2a.png",
							"shortDescription": "Add a video player to launch content for playback.",
							"releaseDate": "2020-05-13",
							"longDescription": "This educational lesson teaches you how to add the SceneGraph Video node to your channel and link it to content in other components. It explains how to open the video screen when content is selected and close it when playback finishes or the back button is pressed.",
							"tags": [
								"RSG"
							],
							"genres": [
								"educational"
							]
						}
					]
				},
				{
					"title": "Season 2",
					"episodes": [
						{
							"id": "video7-debugger",
							"title": "Debugging channels",
							"episodeNumber": 1,
							"content": {
								"dateAdded": "2020-05-16T02:32:24Z",
								"videos": [{
									"videoType": "MP4",
									"url": "https://image.roku.com/ZHZscHItMTc2/rsg-unit7-debugger-v3.mp4",
									"quality": "HD"
								}],
								"duration": 381,
								"language": "en-us"
							},
							"thumbnail": "https://image.roku.com/ZHZscHItMTc2/rsg-unit7-debugging.png",
							"shortDescription": "Learn to debug Roku channels using the debug console.",
							"releaseDate": "2020-05-13",
							"longDescription": "This educational lesson teaches you how to access the debug console via Telnet and the Roku Eclipse Plug-in, and how to use different debug ports. It explains how to view crash logs, stack traces, and channel performance metrics, and how to use the interactive debugger for checking variable values, calling functions, and stepping through your application.",
							"tags": [
								"RSG"
							],
							"genres": [
								"educational"
							]
						},
						{
							"id": "video8-detailsScreen",
							"title": "Creating a Details Screen",
							"episodeNumber": 2,
							"content": {
								"dateAdded": "2020-05-22T02:32:24Z",
								"videos": [{
									"videoType": "MP4",
									"url": "https://image.roku.com/ZHZscHItMTc2/rsg-unit8-details-screen-v3.mp4",
									"quality": "HD"
								}],
								"duration": 1251,
								"language": "en-us"
							},
							"thumbnail": "https://image.roku.com/ZHZscHItMTc2/rsg-unit8-detailsScreen.png",
							"shortDescription": "Build a details screen to display content information.",
							"releaseDate": "2020-07-13",
							"longDescription": "This educational lesson guides you in building a details screen that provides more information about content selected in the GridScreen, including release date, rating, genre, cast, and detailed description. It explains how to build a screen using more complex SceneGraph components, create a Play button, populate the screen with metadata, and manage focus.",
							"tags": [
								"RSG"
							],
							"genres": [
								"educational"
							]
						},
						{
							"id": "video9-episodesScreen",
							"title": "Creating an Episodes Screen",
							"episodeNumber": 3,
							"content": {
								"dateAdded": "2020-05-29T02:32:24Z",
								"videos": [{
									"videoType": "MP4",
									"url": "https://image.roku.com/ZHZscHItMTc2/rsg-unit9-episodePicker-v3.mp4",
									"quality": "HD"
								}],
								"duration": 2188,
								"language": "en-us"
							},
							"thumbnail": "https://image.roku.com/ZHZscHItMTc2/rsg-unit9-episodesScreen.png",
							"shortDescription": "Learn to build an episodes screen to organize TV series.",
							"releaseDate": "2020-05-29",
							"longDescription": "This educational lesson teaches you how to build an episodes screen that organizes television series into seasons and episodes. You'll learn to use new components like MarkupList and layer components for complex UIs, as well as how to parse content feeds to populate an episode screen with sequential seasons and their respective episodes.",
							"tags": [
								"RSG"
							],
							"genres": [
								"educational"
							]
						}
					]
				},
				{
					"title": "Season 3",
					"episodes": [
						{
							"id": "video10-videoAds",
							"title": "Displaying Video Ads",
							"episodeNumber": 1,
							"content": {
								"dateAdded": "2020-06-20T02:32:24Z",
								"videos": [{
									"videoType": "MP4",
									"url": "https://image.roku.com/ZHZscHItMTc2/rsg-unit10-video-ads-part3.mp4",
									"quality": "HD"
								}],
								"duration": 1380,
								"language": "en-us"
							},
							"thumbnail": "https://image.roku.com/ZHZscHItMTc2/rsg-unit10-video-ads.png",
							"shortDescription": "Learn to monetize content through video ads.",
							"releaseDate": "2020-06-20",
							"longDescription": "This educational lesson explains how to monetize content on the Roku platform through video ads. It covers implementing the Roku Advertising Framework (RAF) for seamless ad insertion, detailing various client and server-side ad solutions, and how to get started with RAF to display video ads in your channel.",
							"tags": [
								"RSG"
							],
							"genres": [
								"educational"
							]
						},
						{
							"id": "video11-subscriptions",
							"title": "Offering Subscriptions",
							"episodeNumber": 2,
							"content": {
								"dateAdded": "2020-06-27T02:32:24Z",
								"videos": [{
									"videoType": "MP4",
									"url": "https://image.roku.com/ZHZscHItMTc2/rsg-unit11-subscriptions-v3.mp4",
									"quality": "HD"
								}],
								"duration": 1561,
								"language": "en-us"
							},
							"thumbnail": "https://image.roku.com/ZHZscHItMTc2/rsg-unit11-rpay-subscriptions.png",
							"shortDescription": "Monetize your channel by offering subscriptions via Roku Pay.",
							"releaseDate": "2020-06-27",
							"longDescription": "This educational lesson explains how to monetize content on your channel by offering subscriptions directly on-device through Roku Pay. It covers getting started with Roku Pay, creating channels, in-channel products, and test users, and details the Roku Pay workflow from checking entitlements to completing purchases and granting content access. It also explains how to integrate Roku Web Service RESTful APIs into your backend system for validation, refunds, and cancellations.",
							"tags": [
								"RSG"
							],
							"genres": [
								"educational"
							]
						},
						{
							"id": "video12-deep-linking-part1",
							"title": "Deep Linking (part 1)",
							"episodeNumber": 3,
							"content": {
								"dateAdded": "2020-07-10T02:32:24Z",
								"videos": [{
									"videoType": "MP4",
									"url": "https://image.roku.com/ZHZscHItMTc2/rsg-unit12-deep-linking-v3-part1.mp4",
									"quality": "HD"
								}],
								"duration": 2481,
								"language": "en-us"
							},
							"thumbnail": "https://image.roku.com/ZHZscHItMTc2/rsg-unit12-deep-linking.png",
							"shortDescription": "Implement deep linking to get users to content quickly.",
							"releaseDate": "2020-07-04",
							"longDescription": "This educational lesson explains how to implement deep linking to get users to content as fast as possible. You'll learn to program your channel application to accept and process deep links upon launch and while running, configure playback experiences for content types, create bookmarks for user playback position, and create smart bookmarks for TV series.",
							"tags": [
								"RSG"
							],
							"genres": [
								"educational"
							]
						},
						{
							"id": "video12-deep-linking-part2",
							"title": "Deep Linking (part 2)",
							"episodeNumber": 4,
							"content": {
								"dateAdded": "2020-07-10T02:32:24Z",
								"videos": [{
									"videoType": "MP4",
									"url": "https://image.roku.com/ZHZscHItMTc2/rsg-unit12-deep-linking-v3-part2.mp4",
									"quality": "HD"
								}],
								"duration": 1567,
								"language": "en-us"
							},
							"thumbnail": "https://image.roku.com/ZHZscHItMTc2/rsg-unit12-deep-linking.png",
							"shortDescription": "Further implement deep linking for rapid content access.",
							"releaseDate": "2020-07-04",
							"longDescription": "This educational lesson continues the discussion on implementing deep linking to get users to content as fast as possible. You'll learn to program your channel application to accept and process deep links upon launch and while running, configure playback experiences for content types, and create bookmarks to store user playback position in the device registry or backend system.",
							"tags": [
								"RSG"
							],
							"genres": [
								"educational"
							]
						},
						{
							"id": "video13-certification-testing",
							"title": "Certification Testing",
							"episodeNumber": 5,
							"content": {
								"dateAdded": "2020-07-16T02:32:24Z",
								"videos": [{
									"videoType": "MP4",
									"url": "https://image.roku.com/ZHZscHItMTc2/rsg-unit13-cert-testing-v3.mp4",
									"quality": "HD"
								}],
								"duration": 848,
								"language": "en-us"
							},
							"thumbnail": "https://image.roku.com/ZHZscHItMTc2/rsg-unit13-cert-testing.jpg",
							"shortDescription": "Prepare your channel for publication to the Roku channel store.",
							"releaseDate": "2020-07-16",
							"longDescription": "This educational lesson explains how to prepare your channel to be published to the Roku channel store. It teaches you how to test your channel's design and performance and verify that it meets all of Roku's certification criteria using Roku's test automation software and automated testing tools. It also provides a quick demo of Roku's Static Analysis tool, which detects certification-related issues with your channel's code.",
							"tags": [
								"RSG"
							],
							"genres": [
								"educational"
							]
						}
					]
				}
			]
		}
	],
	"movies": [
		{
			"longDescription": "This educational video demonstrates the Roku Remote Debugger and illustrates how the BrightScript network debug protocol can be used in an integration with an IDE such as Visual Studio Code.",
			"thumbnail": "https://d6hm6c1vbpfva.cloudfront.net/shortform-b2500d7849ec949799cb1d5d0155c6f1eba3308a_1/images/roku-brightscript-network-debug-protocol.jpg",
			"releaseDate": "2020-01-20",
			"genres": [
				"educational"
			],
			"tags": [
				"demo"
			],
			"id": "shortform-b2500d7849ec949799cb1d5d0155c6f1eba3308a",
			"shortDescription": "Educational demonstration of the Roku Remote Debugger.",
			"title": "BrightScript debug protocol",
			"content": {
				"duration": 713,
				"videos": [{
					"videoType": "MP4",
					"url": "https://image.roku.com/ZHZscHItMTc2/roku-brightscript-debug-protocol.mp4",
					"quality": "HD"
				}],
				"language": "en-us",
				"dateAdded": "2020-01-29T02:39:11Z"
			}
		},
		{
			"longDescription": "This educational video demonstrates the Roku automated channel testing software, providing a brief overview of the technology stack and showing how both the Roku WebDriver and Robot Framework Library can be used for state-driven channel UI automation testing.",
			"thumbnail": "https://d6hm6c1vbpfva.cloudfront.net/shortform-4374be10035077242dde8b7fe272e509ad6e563a_1/images/basicTestReport.jpg",
			"releaseDate": "2020-01-20",
			"genres": [
				"educational"
			],
			"tags": [
				"demo"
			],
			"id": "shortform-4374be10035077242dde8b7fe272e509ad6e563a",
			"shortDescription": "Educational demo of Roku automated channel testing.",
			"title": "Automated channel testing",
			"content": {
				"duration": 713,
				"videos": [{
					"videoType": "HLS",
					"url": "https://ovp-selector.sr.roku.com/v1/f73763a9-8105-4b78-90e0-381ea0d0128b?format=hls",
					"quality": "HD"
				}],
				"language": "en-us",
				"dateAdded": "2020-01-29T02:39:10Z"
			}
		},
		{
			"longDescription": "This educational video demonstrates how a developer can use the Developer Dashboard's user access management feature to give team members the authority to take administrative actions appropriate for their respective organizational roles.",
			"thumbnail": "https://d6hm6c1vbpfva.cloudfront.net/shortform-a59a8c9b7140da32b98cb91fe415a2e3e7dc0660_1/images/userManagementAccess.jpg",
			"releaseDate": "2020-01-20",
			"genres": [
				"educational"
			],
			"tags": [
				"demo"
			],
			"id": "shortform-a59a8c9b7140da32b98cb91fe415a2e3e7dc0660",
			"shortDescription": "Educational demo on managing user access.",
			"title": "Managing user access",
			"content": {
				"duration": 576,
				"videos": [{
					"videoType": "HLS",
					"url": "https://thuanv07.github.io/contenthost/content.json",
					"quality": "HD"
				}],
				"language": "en-us",
				"dateAdded": "2020-01-29T02:39:11Z"
			}
		}
	]
}
