{
    "questions": [
    { "question": "Which one means 'I'?", "options": ["Yo", "En", "es", "en"], "answer": "Yo" },
    { "question": "Which one means 'am'?", "options": ["Yo", "En", "soy", "es"], "answer": "soy" },
    { "question": "Which one means 'is'?", "options": ["Yo", "En", "soy", "es"], "answer": "es" },
    { "question": "Which one means 'in'?", "options": ["Yo", "En", "soy", "es"], "answer": "En" },
    { "question": "Which one means 'Spanish'?", "options": ["el", "Espanol", "ella", "yo"], "answer": "Espanol" }
    

    ]
}